<?xml version='1.0' encoding='UTF-8'?>
<Object>
    <ElementFields>
        <Name Editor="hide" Type="string">DB_Connect</Name>
        <DisplayName Editor="hide" Type="string"/>
        <Version Editor="hide" Type="string">1</Version>
        <Keywords Editor="hide" Type="string"/>
        <Tooltip Editor="hide" Type="string"/>
        <IncomingConnections Editor="hide" RequireAtLeastOne="Yes">Yes</IncomingConnections>
        <OutgoingConnections DetailedInfo="" Editor="hide" RequireAtLeastOne="Yes">Unlimited</OutgoingConnections>
        <ConnectionType Editor="hide">TrafficLight</ConnectionType>
        <FunctionsNodeJSScript Editor="hide"/>
        <ExecutionMode Editor="hide">Concurrent</ExecutionMode>
        <NumberOfSlots Editor="hide">Default</NumberOfSlots>
        <ExecutionGroup Editor="hide"/>
        <PerformanceTuning Editor="hide">No</PerformanceTuning>
        <IdleAfterJob Editor="hide">0</IdleAfterJob>
        <PositionInElementPane Editor="hide">Configurators</PositionInElementPane>
        <SubcategoryInElementPane Editor="hide">&lt;ValueDescription Type=&quot;stringlist&quot;&gt;&lt;Value&gt;Custom&lt;/Value&gt;&lt;/ValueDescription&gt;</SubcategoryInElementPane>
        <DispositionInElementPane Editor="hide" Type="number"/>
        <Description Editor="hide" Type="string"/>
        <Compatibility Editor="hide" Type="string"/>
        <SupportInfo Editor="hide" Type="string"/>
        <AppDiscovery Editor="hide" Type="string"/>
        <FlowUpgradeWarning Editor="hide" Type="string"/>
        <UpgradeMaximumVersion Editor="hide" Type="number"/>
        <Connections Editor="hide" Type="string"/>
        <SwitchModule Editor="hide" Type="string"/>
        <ObsoleteProperties Editor="hide" Type="string"/>
        <ObsoleteConnectionProperties Editor="hide" Type="string"/>
        <host Default="" DetailedInfo="" Editor="inline" LocalizedTagName="Indirizzo IP Server" Subtype="inline" Tooltip="" Type="string" UserDefined="true" Validation="Standard"></host>
        <user Default="" DetailedInfo="" Editor="inline" LocalizedTagName="Nome utente" Subtype="inline" Tooltip="" Type="string" UserDefined="true" Validation="Standard"></user>
        <password Default="" DetailedInfo="" Editor="inline" LocalizedTagName="Password" Subtype="" Tooltip="" Type="password" UserDefined="true" Validation="Standard"></password>
        <database Default="" DetailedInfo="" Editor="inline" LocalizedTagName="Nome database" Subtype="inline" Tooltip="" Type="string" UserDefined="true" Validation="Standard"></database>
        <query Default="" DetailedInfo="" Editor="inline;sltextwithvar;mltextwithvar" LocalizedTagName="Query da eseguire" Subtype="inline" Tooltip="" Type="string" UserDefined="true" Validation="Standard"></query>
    </ElementFields>
    <ConnectionFields>
        <Success Default="Yes" Editor="inline" LocalizedTagName="Success out" Type="bool">Yes</Success>
        <Warning Default="Yes" Editor="inline" LocalizedTagName="Warning out" Type="bool">Yes</Warning>
        <Error Default="Yes" Editor="inline" LocalizedTagName="Error out" Type="bool">Yes</Error>
    </ConnectionFields>
    <ExtraProperties/>
</Object>