
<Manifest>
    <ScripterInstanceName>DB_Connect</ScripterInstanceName>
    <SwitchVersion>23.1</SwitchVersion>
    <ScriptPackageFormatVersion>1.0</ScriptPackageFormatVersion>
    <ScriptPasswordProtected>No</ScriptPasswordProtected>
    <ScriptPackageType>Script</ScriptPackageType>
    <ScriptDeclarationFile>DB_Connect.xml</ScriptDeclarationFile>
    <ScriptProgramFiles>
        <ScriptProgramFile ScriptLanguage="NodeJSScript">main.ts</ScriptProgramFile>
    </ScriptProgramFiles>
    <ScriptIconFile></ScriptIconFile>
    <LocalizationItems/>
</Manifest>